,symbol,Industry,P/S
722,BRKB,,0
562,NVCR,,42.766994
639,OMC,Advertising Agencies,1.2657577
281,CCO,Advertising Agencies,0
417,BITA,Advertising Agencies,0
312,IPG,Advertising Agencies,1.5264933
226,TGI,Aerospace & Defense,0.53168523
528,SPCE,Aerospace & Defense,Infinity
678,ERJ,Aerospace & Defense,0.7919115
730,KTOS,Aerospace & Defense,4.3623214
56,GD,Aerospace & Defense,1.374354
742,HEI,Aerospace & Defense,10.328922
578,LMT,Aerospace & Defense,1.5966942
579,NOC,Aerospace & Defense,1.5830103
2,BA,Aerospace & Defense,2.4581554
649,MOS,Agricultural Inputs,1.2373911
655,CF,Agricultural Inputs,2.4918668
561,CTVA,Agricultural Inputs,2.180316
104,DAL,Airlines,2.2728624
621,UAL,Airlines,1.6769748
79,ZNH,Airlines,0.14768074
82,AAL,Airlines,1.1142968
712,GOL,Airlines,0.36255744
166,LUV,Airlines,4.7535825
295,JBLU,Airlines,2.60751
688,LTM,Airlines,0
91,AA,Aluminum,0.6117648
62,VFC,Apparel Manufacturing,3.5638278
145,UAA,Apparel Manufacturing,1.8347535
157,UA,Apparel Manufacturing,1.9435182
196,LEVI,Apparel Manufacturing,2.3143816
214,HBI,Apparel Manufacturing,0.95626795
622,RL,Apparel Manufacturing,1.8909903
67,ANF,Apparel Retail,0.72555125
244,LB,Apparel Retail,1.477945
630,ASNA,Apparel Retail,0
250,GES,Apparel Retail,0.8626783
100,GPS,Apparel Retail,0.8497983
390,CHS,Apparel Retail,0.46535242
227,TLRD,Apparel Retail,0
463,TJX,Apparel Retail,2.3780785
192,URBN,Apparel Retail,1.0593951
641,AEO,Apparel Retail,1.3090674
577,LULU,Apparel Retail,10.701693
505,ROST,Apparel Retail,3.2799566
368,ARCC,Asset Management,5.468639
645,BK,Asset Management,2.717107
346,FSK,Asset Management,4.2414026
168,IVZ,Asset Management,1.9517093
94,BEN,Asset Management,2.2847445
63,BLK,Asset Management,7.591358
708,SSSS,Asset Management,173.43198
110,NTRS,Asset Management,3.7518415
763,CG,Asset Management,2.558374
520,BX,Asset Management,4.6399975
764,BAM,Asset Management,1.2207699
507,TROW,Asset Management,6.5603156
37,NOAH,Asset Management,0.8685179
451,KKR,Asset Management,3.8206732
713,STT,Asset Management,2.3751845
101,CARS,Auto & Truck Dealerships,1.6443545
478,TM,Auto Manufacturers,0.008996238
301,HMC,Auto Manufacturers,0.0041198744
772,RACE,Auto Manufacturers,14.326098
608,TSLA,Auto Manufacturers,16.707102
349,NIO,Auto Manufacturers,3.3611124
666,TTM,Auto Manufacturers,0.007055056
683,F,Auto Manufacturers,0.44911057
128,GM,Auto Manufacturers,0.6962114
365,LKQ,Auto Parts,1.1998768
143,AXL,Auto Parts,0.24974418
113,BWA,Auto Parts,0.959392
129,GT,Auto Parts,0.30843887
448,GNTX,Auto Parts,4.4719377
215,DAN,Auto Parts,0.4477339
306,BAC,Banks—Diversified,4.1086287
721,JPM,Banks—Diversified,3.7791483
231,RY,Banks—Diversified,3.0467827
659,C,Banks—Diversified,2.1554217
720,MUFG,Banks—Diversified,0.013912191
660,WFC,Banks—Diversified,2.7133899
707,SMFG,Banks—Diversified,0.027375719
225,TD,Banks—Diversified,3.4286897
112,PNC,Banks—Regional,5.027546
233,CFG,Banks—Regional,3.1250873
268,PBCT,Banks—Regional,3.7638068
261,BBAR,Banks—Regional,0.007836993
238,FITB,Banks—Regional,3.5541284
282,BSBR,Banks—Regional,1.5274465
111,BMA,Banks—Regional,0.021373399
130,ZION,Banks—Regional,2.94255
299,HDB,Banks—Regional,0.14337042
697,ITUB,Banks—Regional,0.61231285
8,BAP,Banks—Regional,1.1640956
652,GGAL,Banks—Regional,0.0128883645
39,CMA,Banks—Regional,3.2442992
428,IBN,Banks—Regional,0.05723599
665,USB,Banks—Regional,3.9476724
364,MFG,Banks—Regional,0.014611825
361,NYCB,Banks—Regional,4.3567147
338,KEY,Banks—Regional,3.0277505
333,ISBC,Banks—Regional,4.315688
673,TFC,Banks—Regional,3.3681846
326,HBAN,Banks—Regional,3.018888
303,SUPV,Banks—Regional,0.008592219
324,FHN,Banks—Regional,3.3072584
311,RF,Banks—Regional,3.276836
691,BBD,Banks—Regional,0.7057914
318,BSMX,Banks—Regional,0.13147052
378,BFB,Beverages - Wineries & Distillers,0
330,ABEV,Beverages—Brewers,0.9303546
470,PEP,Beverages—Non-Alcoholic,2.8174703
464,KO,Beverages—Non-Alcoholic,6.9344373
750,MNST,Beverages—Non-Alcoholic,10.546745
352,KDP,Beverages—Non-Alcoholic,4.109205
681,NBEV,Beverages—Non-Alcoholic,1.1335902
616,STZ,Beverages—Wineries & Distilleries,4.970722
403,INCY,Biotechnology,6.922735
602,REGN,Biotechnology,6.895077
587,VRTX,Biotechnology,7.580496
586,IGMS,Biotechnology,0
551,FREQ,Biotechnology,9.224677
539,NBIX,Biotechnology,9.09004
16,ALXN,Biotechnology,6.3984847
640,NKTR,Biotechnology,20.26648
684,LXRX,Biotechnology,27.914255
188,HCM,Biotechnology,19.906506
107,CLVS,Biotechnology,3.9013133
460,BMRN,Biotechnology,8.114575
255,FOLD,Biotechnology,10.126746
332,EXEL,Biotechnology,7.105069
419,IMGN,Biotechnology,9.928978
269,SGMO,Biotechnology,13.788723
653,FOXA,Broadcasting,1.7355448
351,TV,Broadcasting,0.07713703
370,NWSA,Broadcasting,1.6407682
393,FWONK,Broadcasting,8.83915
391,SIRI,Broadcasting,3.1637433
334,CX,Building Materials,0.8247294
263,LOMA,Building Materials,0.03079051
420,MAS,Building Products & Equipment,1.9379779
262,PBI,Business Equipment & Supplies,0.38502035
643,AMTD,Capital Markets,0
223,SCHW,Capital Markets,9.546945
28,EVR,Capital Markets,2.0722528
682,MS,Capital Markets,2.8899665
394,NMR,Capital Markets,0.011082707
267,IBKR,Capital Markets,10.335632
96,TIGR,Capital Markets,27.718971
198,GS,Capital Markets,2.307555
670,ETFC,Capital Markets,0
479,TW,Capital Markets,20.795977
243,HUN,Chemicals,0.8783223
147,SQM,Chemicals,6.1526875
78,DOW,Chemicals,1.1388395
617,DD,Chemicals,2.002929
534,APD,Chemicals,6.993642
770,MSI,Communication Equipment,4.7291026
280,HPE,Communication Equipment,0.6998294
719,CIEN,Communication Equipment,2.5587544
182,JNPR,Communication Equipment,1.9520155
747,ALLT,Communication Equipment,5.2265415
86,COMM,Communication Equipment,0.48186028
72,CSCO,Communication Equipment,4.4923515
632,ZBRA,Communication Equipment,5.934838
430,INFN,Communication Equipment,1.4754089
465,WDC,Computer Hardware,1.3054551
38,NTAP,Computer Hardware,3.112432
42,DELL,Computer Hardware,0.77650017
1,ANET,Computer Hardware,11.249975
746,STX,Computer Hardware,1.9168254
406,HPQ,Computer Hardware,0.5851825
294,CAJ,Computer Hardware,0.007474243
170,PSTG,Computer Hardware,3.147619
743,MDLZ,Confectioners,3.2195587
515,BAH,Consulting Services,1.4914122
529,VRSK,Consulting Services,9.975518
533,EFX,Consulting Services,6.46476
595,AAPL,Consumer Electronics,6.690302
284,LPL,Consumer Electronics,0.0003168171
10,IRBT,Consumer Electronics,1.7503711
513,SNE,Consumer Electronics,0
309,GPRO,Consumer Electronics,1.9665995
221,SCCO,Copper,5.226637
296,FCX,Copper,3.1509178
706,TRQ,Copper,0
701,MGI,Credit Services,0.6600392
236,PYPL,Credit Services,15.510478
537,V,Credit Services,23.742027
75,DFS,Credit Services,4.3263645
240,QD,Credit Services,0.18758982
581,MA,Credit Services,23.572895
228,ALLY,Credit Services,2.4285316
317,LX,Credit Services,0.20074752
180,AXP,Credit Services,3.8033473
316,NAVI,Credit Services,1.5263182
247,COF,Credit Services,2.7794485
439,WU,Credit Services,1.973009
216,SYF,Credit Services,3.9962738
727,SLM,Credit Services,2.9626365
27,KSS,Department Stores,0.49870703
200,JWN,Department Stores,0.46970254
642,M,Department Stores,0.30522227
359,JCP,Department Stores,0
239,NVTA,Diagnostics & Research,23.210585
705,SENS,Diagnostics & Research,0
768,DHR,Diagnostics & Research,7.391076
774,IDXX,Diagnostics & Research,19.015253
536,XGN,Diagnostics & Research,6.30253
348,OPK,Diagnostics & Research,1.4015963
356,ONVO,Diagnostics & Research,0
542,TMO,Diagnostics & Research,5.2827463
12,ILMN,Diagnostics & Research,19.176321
371,A,Diagnostics & Research,7.989919
144,BJ,Discount Stores,0.40280357
576,COST,Discount Stores,0.9021536
775,TGT,Discount Stores,1.2259921
760,WMT,Discount Stores,0.68013483
35,DLTR,Discount Stores,0.92028725
556,DG,Discount Stores,1.5080361
472,ABBV,Drug Manufacturers—General,3.980373
459,GILD,Drug Manufacturers—General,3.2806284
476,LLY,Drug Manufacturers—General,8.227971
717,MRK,Drug Manufacturers—General,4.0386305
544,AMGN,Drug Manufacturers—General,5.449632
212,JNJ,Drug Manufacturers—General,5.065169
767,BMY,Drug Manufacturers—General,3.466874
197,PFE,Drug Manufacturers—General,5.1658015
597,BIIB,Drug Manufacturers—General,4.639812
674,ELAN,Drug Manufacturers—Specialty & Generic,4.25205
248,TEVA,Drug Manufacturers—Specialty & Generic,0.7130734
287,TXMD,Drug Manufacturers—Specialty & Generic,7.273184
663,HEXO,Drug Manufacturers—Specialty & Generic,0
329,BHC,Drug Manufacturers—Specialty & Generic,1.3126557
704,TAK,Drug Manufacturers—Specialty & Generic,0.01636419
138,AMRX,Drug Manufacturers—Specialty & Generic,0.3891858
568,ZTS,Drug Manufacturers—Specialty & Generic,13.192158
119,MYL,Drug Manufacturers—Specialty & Generic,0
532,TAL,Education & Training Services,2.9887443
315,TEDU,Education & Training Services,0
570,EDU,Education & Training Services,3.3433895
20,TWOU,Education & Training Services,3.631972
738,PLUG,Electrical Equipment & Parts,-184.48773
74,BDC,Electrical Equipment & Parts,1.1381338
662,APH,Electronic Components,4.3460593
384,FLEX,Electronic Components,0.35968468
123,GLW,Electronic Components,2.7001734
500,ATVI,Electronic Gaming & Multimedia,8.29223
477,EA,Electronic Gaming & Multimedia,7.158691
408,ZNGA,Electronic Gaming & Multimedia,5.670147
503,TTWO,Electronic Gaming & Multimedia,5.9891906
486,BILI,Electronic Gaming & Multimedia,3.3041704
256,GLUU,Electronic Gaming & Multimedia,0
300,PWR,Engineering & Construction,1.0697309
31,FLR,Engineering & Construction,0.15282717
671,LYV,Entertainment,10.064801
22,WWE,Entertainment,4.6644397
585,ROKU,Entertainment,27.42796
135,AMC,Entertainment,67.720245
605,CHTR,Entertainment,2.6462102
686,CMCSA,Entertainment,2.501365
321,DISH,Entertainment,1.2587947
201,DISCA,Entertainment,1.2687782
273,HUYA,Entertainment,0.36320525
776,VIACA,Entertainment,1.0016336
285,NFLX,Entertainment,8.413379
50,DIS,Entertainment,5.1512036
241,DISCK,Entertainment,1.3655493
80,CAT,Farm & Heavy Construction Machinery,2.660716
124,DE,Farm & Heavy Construction Machinery,2.7871885
237,PCAR,Farm & Heavy Construction Machinery,1.5565625
274,BG,Farm Products,0.24160701
190,TSN,Farm Products,0.6196118
207,ADM,Farm Products,0.49636582
387,JEF,Financial Conglomerates,0.91011256
185,FDS,Financial Data & Stock Exchanges,8.008783
778,MCO,Financial Data & Stock Exchanges,11.492321
779,SPGI,Financial Data & Stock Exchanges,12.268252
549,CME,Financial Data & Stock Exchanges,16.439692
517,CBOE,Financial Data & Stock Exchanges,3.4411118
484,ICE,Financial Data & Stock Exchanges,10.114361
509,NDAQ,Financial Data & Stock Exchanges,4.8684974
432,MORN,Financial Data & Stock Exchanges,7.14088
276,SYY,Food Distribution,0.8307523
47,FL,Footwear & Accessories,0.783342
322,CROX,Footwear & Accessories,4.3559494
412,SKX,Footwear & Accessories,1.550537
405,NKE,Footwear & Accessories,5.2687554
514,TPX,"Furnishings, Fixtures & Appliances",1.9259132
751,TSG,Gambling,0
245,IGT,Gambling,1.4135908
423,GFI,Gold,2.1052053
739,KGC,Gold,1.9271277
461,SBSW,Gold,0.09177707
758,AU,Gold,1.75123
410,BTG,Gold,2.6172395
372,IAG,Gold,1.1979296
761,GOLD,Gold,2.9329743
736,HMY,Gold,0.06828668
753,EGO,Gold,1.7827684
523,NEM,Gold,4.255918
416,AUY,Gold,2.5953245
392,HL,Gold,5.8340454
435,KR,Grocery Stores,0.21992609
208,SFM,Grocery Stores,0.5037498
567,GO,Grocery Stores,1.0516489
386,VEEV,Health Information Services,31.866827
445,CERN,Health Information Services,4.351676
302,MDRX,Health Information Services,1.6583253
647,ANTM,Healthcare Plans,0.72531724
466,CVS,Healthcare Plans,0.4040579
396,CNC,Healthcare Plans,0.38629153
781,HUM,Healthcare Plans,0.6925949
553,CI,Healthcare Plans,0.48714253
769,UNH,Healthcare Plans,1.3978688
205,LOW,Home Improvement Retail,1.4958785
531,HD,Home Improvement Retail,2.4628894
547,NTCO,Household & Personal Products,0.42381054
492,PG,Household & Personal Products,4.3173475
474,KMB,Household & Personal Products,2.3007379
734,NWL,Household & Personal Products,1.1294111
327,COTY,Household & Personal Products,1.5608324
510,EL,Household & Personal Products,7.2921376
680,CL,Household & Personal Products,4.0997972
345,FAST,Industrial Distribution,5.1131268
441,JKHY,Information Technology Services,7.2846675
357,INFY,Information Technology Services,6.2835846
15,DXC,Information Technology Services,0.50851506
563,FIS,Information Technology Services,7.128211
620,IT,Information Technology Services,4.942848
574,LDOS,Information Technology Services,1.1491653
350,XRX,Information Technology Services,0.654441
343,WIT,Information Technology Services,0.063234374
554,FISV,Information Technology Services,4.833379
759,FLT,Information Technology Services,9.071666
131,CNDT,Information Technology Services,0.37860647
106,CTSH,Information Technology Services,2.1672437
141,IBM,Information Technology Services,1.7332982
511,MMC,Insurance Brokers,3.868426
703,EQH,Insurance—Diversified,1.3138996
675,AIG,Insurance—Diversified,0.9316163
323,HIG,Insurance—Diversified,1.0430999
380,GNW,Insurance—Life,0.2293611
179,AFL,Insurance—Life,1.5488342
87,UNM,Insurance—Life,0.41932735
57,PRI,Insurance—Life,2.5090039
278,MET,Insurance—Life,0.7540931
33,PRU,Insurance—Life,0.67612255
628,TRV,Insurance—Property & Casualty,1.1240063
252,PGR,Insurance—Property & Casualty,1.2067908
483,ALL,Insurance—Property & Casualty,0.7837304
290,MTG,Insurance—Specialty,3.8192694
84,UPS,Integrated Freight & Logistics,1.9211384
612,FDX,Integrated Freight & Logistics,0.96133924
749,ZTO,Integrated Freight & Logistics,0.9724849
398,JBHT,Integrated Freight & Logistics,1.6516166
45,TWLO,Internet Content & Information,35.73281
195,MOMO,Internet Content & Information,0.20305417
588,GOOG,Internet Content & Information,8.467905
304,FB,Internet Content & Information,9.901989
186,TWTR,Internet Content & Information,12.311622
13,BIDU,Internet Content & Information,0.5747557
121,ANGI,Internet Content & Information,4.5256977
389,IQ,Internet Content & Information,0.38817012
336,SOGO,Internet Content & Information,4.0313115
552,ZG,Internet Content & Information,0
438,SNAP,Internet Content & Information,34.203278
447,MTCH,Internet Content & Information,17.388813
344,SPOT,Internet Content & Information,5.7768035
566,FVRR,Internet Content & Information,42.875042
30,YY,Internet Content & Information,0.40033814
669,TME,Internet Content & Information,0.87609786
573,NTES,Internet Content & Information,1.0015093
81,PINS,Internet Content & Information,25.351213
342,UXIN,Internet Content & Information,-3.4839582
21,ATHM,Internet Content & Information,0.87060845
68,WUBA,Internet Content & Information,0
580,GOOGL,Internet Content & Information,8.266433
41,WB,Internet Content & Information,6.4110146
308,GRPN,Internet Content & Information,0.8836038
60,GRUB,Internet Content & Information,0.8174164
266,EBAY,Internet Retail,3.8599763
493,JD,Internet Retail,0.15242594
522,PDD,Internet Retail,2.633954
184,OSTK,Internet Retail,1.3006016
462,VIPS,Internet Retail,0.1259947
548,BABA,Internet Retail,0.80392283
9,AMZN,Internet Retail,4.1956606
114,QRTEA,Internet Retail,0.3732657
604,MELI,Internet Retail,18.418728
565,CHWY,Internet Retail,4.2571836
614,JMIA,Internet Retail,20.294302
103,ETSY,Internet Retail,12.507807
3,W,Internet Retail,2.2231421
559,PTON,Leisure,10.877725
44,HAS,Leisure,2.287438
353,MAT,Leisure,1.3911505
766,HLT,Lodging,21.53671
646,HTHT,Lodging,3.3597531
99,MAR,Lodging,21.329504
381,H,Lodging,10.439737
174,STAY,Lodging,3.5392075
651,TPR,Luxury Goods,2.462507
558,TIF,Luxury Goods,0
415,HCA,Medical Care Facilities,1.2646146
411,CYH,Medical Care Facilities,0.16572198
550,DVA,Medical Care Facilities,1.1203655
695,FVE,Medical Care Facilities,0.7850263
471,NUVA,Medical Devices,3.3074646
444,SYK,Medical Devices,6.5260143
335,ABT,Medical Devices,5.2503223
519,MDT,Medical Devices,5.948674
530,ZBH,Medical Devices,4.7007365
609,ALGN,Medical Devices,16.909086
777,EW,Medical Devices,13.992459
624,TRXC,Medical Devices,0
589,BIO,Medical Devices,6.7423124
395,BSX,Medical Devices,6.0390773
755,CAH,Medical Distribution,0.10386917
293,HSIC,Medical Distribution,1.0547284
488,PBH,Medical Distribution,2.7105417
773,ISRG,Medical Instruments & Supplies,22.86716
414,HOLX,Medical Instruments & Supplies,3.017142
591,RMD,Medical Instruments & Supplies,11.177955
404,BDX,Medical Instruments & Supplies,3.7088888
590,TFX,Medical Instruments & Supplies,7.3006306
485,BAX,Medical Instruments & Supplies,3.4391553
165,DO,Oil & Gas Drilling,0
610,NBR,Oil & Gas Drilling,0
654,PTEN,Oil & Gas Drilling,1.9549841
623,WLL,Oil & Gas E&P,0
202,AR,Oil & Gas E&P,1.0309658
626,OVV,Oil & Gas E&P,1.2156091
634,CRC,Oil & Gas E&P,0
142,MRO,Oil & Gas E&P,3.1737077
148,MUR,Oil & Gas E&P,2.0314732
638,NBL,Oil & Gas E&P,0
23,XEC,Oil & Gas E&P,4.266549
25,EOG,Oil & Gas E&P,4.659567
235,OAS,Oil & Gas E&P,0
218,QEP,Oil & Gas E&P,0
151,APA,Oil & Gas E&P,1.5710833
155,CDEV,Oil & Gas E&P,0
11,CXO,Oil & Gas E&P,0
613,PXD,Oil & Gas E&P,4.7769217
181,PE,Oil & Gas E&P,0
117,MTDR,Oil & Gas E&P,4.0646486
222,CNX,Oil & Gas E&P,2.3683686
167,TELL,Oil & Gas E&P,0
220,CPE,Oil & Gas E&P,0
631,DVN,Oil & Gas E&P,4.021024
34,CLR,Oil & Gas E&P,4.5150633
126,SM,Oil & Gas E&P,2.1161246
232,WPX,Oil & Gas E&P,0
97,COG,Oil & Gas E&P,4.06359
271,KOS,Oil & Gas E&P,0
286,SWN,Oil & Gas E&P,1.2041539
77,EQT,Oil & Gas E&P,1.7825192
36,OXY,Oil & Gas E&P,1.4670993
658,HES,Oil & Gas E&P,5.1090555
85,COP,Oil & Gas E&P,3.4091048
314,LPI,Oil & Gas E&P,0
668,GPOR,Oil & Gas E&P,0
696,DNR,Oil & Gas E&P,0
664,RRC,Oil & Gas E&P,1.7609527
43,PDCE,Oil & Gas E&P,4.1034446
122,BKR,Oil & Gas Equipment & Services,1.1769937
115,FTI,Oil & Gas Equipment & Services,0.30067468
98,SLCA,Oil & Gas Equipment & Services,1.0178704
137,NOV,Oil & Gas Equipment & Services,1.1176572
172,RES,Oil & Gas Equipment & Services,2.2090213
69,SLB,Oil & Gas Equipment & Services,2.0475338
102,HAL,Oil & Gas Equipment & Services,1.5214963
650,MDRIQ,Oil & Gas Equipment & Services,0
619,XOM,Oil & Gas Integrated,1.3990284
219,YPF,Oil & Gas Integrated,0.0029681295
210,SU,Oil & Gas Integrated,1.3752509
288,CVE,Oil & Gas Integrated,1.0682892
183,EQNR,Oil & Gas Integrated,1.393132
625,CVX,Oil & Gas Integrated,2.0726614
272,PBR,Oil & Gas Integrated,0.30965978
134,WMB,Oil & Gas Midstream,3.7605896
242,ET,Oil & Gas Midstream,0.7328864
636,LNG,Oil & Gas Midstream,2.2710059
95,MPLX,Oil & Gas Midstream,3.6121075
118,PAA,Oil & Gas Midstream,0.3399871
693,OKE,Oil & Gas Midstream,2.4606
211,EPD,Oil & Gas Midstream,1.9233582
156,ENLC,Oil & Gas Midstream,0.7095797
154,AM,Oil & Gas Midstream,0
648,TRGP,Oil & Gas Midstream,1.2229553
83,ETRN,Oil & Gas Midstream,2.5389771
355,KMI,Oil & Gas Midstream,2.8969564
339,UGP,Oil & Gas Refining & Marketing,0.05256463
633,HFC,Oil & Gas Refining & Marketing,0.4680763
627,VLO,Oil & Gas Refining & Marketing,0.5260794
109,PBF,Oil & Gas Refining & Marketing,0.12292275
53,PSX,Oil & Gas Refining & Marketing,0.56757164
88,MPC,Oil & Gas Refining & Marketing,0.5491139
429,REGI,Oil & Gas Refining & Marketing,1.2950592
89,TECK,Other Industrial Metals & Mining,1.2007595
687,VALE,Other Industrial Metals & Mining,0.4475787
120,BHP,Other Industrial Metals & Mining,3.771862
234,BVN,Other Precious Metals & Mining,3.1106215
367,MUX,Other Precious Metals & Mining,6.222461
319,GIS,Packaged Foods,1.957
325,BRFS,Packaged Foods,0.11373289
149,KHC,Packaged Foods,1.8748609
52,HLF,Packaged Foods,1.0382473
397,K,Packaged Foods,1.5717629
599,BYND,Packaged Foods,21.938475
422,HRL,Packaged Foods,2.6446414
264,CAG,Packaged Foods,1.4595044
259,WRK,Packaging & Containers,0.7809478
718,GPK,Packaging & Containers,0.7472776
116,ATR,Packaging & Containers,3.084782
508,BLL,Packaging & Containers,2.144585
127,IP,Packaging & Containers,1.126837
191,HRB,Personal Services,1.4764351
754,RAD,Pharmaceutical Retailers,0.04615635
161,WBA,Pharmaceutical Retailers,0.30837637
187,GCI,Publishing,0
455,NYT,Publishing,3.959189
431,VICI,REIT—Diversified,12.462275
699,CLNY,REIT—Diversified,2.871281
732,VER,REIT—Diversified,9.06559
740,WELL,REIT—Healthcare Facilities,7.4508734
385,LTC,REIT—Healthcare Facilities,9.728347
677,GEO,REIT—Healthcare Facilities,0.39437532
667,VTR,REIT—Healthcare Facilities,5.5829406
452,MPW,REIT—Healthcare Facilities,8.616368
676,HST,REIT—Hotel & Motel,7.6037455
341,COLD,REIT—Industrial,4.444104
737,DRE,REIT—Industrial,16.711687
158,PSA,REIT—Industrial,17.195393
495,PLD,REIT—Industrial,18.10926
733,CIM,REIT—Mortgage,3.283161
714,TWO,REIT—Mortgage,-3.99182
291,ARI,REIT—Mortgage,6.728346
709,NYMT,REIT—Mortgage,-8.648495
715,MFA,REIT—Mortgage,-4.123655
702,ARR,REIT—Mortgage,2.7361698
716,IVR,REIT—Mortgage,-0.56342125
337,NLY,REIT—Mortgage,1.964227
700,NRZ,REIT—Mortgage,-32.231052
358,AGNC,REIT—Mortgage,2.6011715
711,GNL,REIT—Office,4.958077
440,DLR,REIT—Office,10.407522
745,AVB,REIT—Residential,12.789239
374,EQR,REIT—Residential,11.674299
454,INVH,REIT—Residential,11.211041
426,AMH,REIT—Residential,10.274015
437,O,REIT—Retail,14.859782
379,KIM,REIT—Retail,8.388941
388,BRX,REIT—Retail,6.361863
611,SPG,REIT—Retail,8.933872
189,SKT,REIT—Retail,4.5264106
694,WPG,REIT—Retail,0
363,CBL,REIT—Retail,0
572,AMT,REIT—Specialty,14.734169
606,EQIX,REIT—Specialty,12.0536585
698,UNIT,REIT—Specialty,2.2557006
369,WY,REIT—Specialty,3.0121868
328,IRM,REIT—Specialty,3.0804722
546,CCI,REIT—Specialty,14.218935
54,NSC,Railroads,6.6735187
140,CSX,Railroads,6.8080497
66,UNP,Railroads,7.3918114
224,WAB,Railroads,1.967694
260,RLGY,Real Estate Services,0.3017867
756,CBRE,Real Estate Services,1.2140833
175,HOG,Recreational Vehicles,1.6052583
685,HTZ,Rental & Leasing Services,0
376,AL,Rental & Leasing Services,2.4446752
765,PHM,Residential Construction,1.2303649
498,DHI,Residential Construction,1.3413732
490,LEN,Residential Construction,1.2854934
133,MLCO,Resorts & Casinos,5.7817817
125,LVS,Resorts & Casinos,11.940473
249,MGM,Resorts & Casinos,4.605339
203,HGV,Resorts & Casinos,5.5582843
17,WYNN,Resorts & Casinos,6.866029
442,CZR,Resorts & Casinos,4.448576
449,ARMK,Restaurants,0.8837827
596,DPZ,Restaurants,4.226209
601,CMG,Restaurants,6.2387266
413,SBUX,Restaurants,5.4213457
279,MCD,Restaurants,8.732735
728,WEN,Restaurants,3.6625624
482,WING,Restaurants,16.296036
176,QSR,Restaurants,4.0695014
635,YUM,Restaurants,5.8149314
347,YUMC,Restaurants,3.0521727
146,DNKN,Restaurants,0
297,SHAK,Restaurants,7.5865536
487,KEYS,Scientific & Technical Instruments,5.921933
64,FTV,Scientific & Technical Instruments,4.8775187
136,CGNX,Scientific & Technical Instruments,15.538011
401,FIT,Scientific & Technical Instruments,0
782,ASML,Semiconductor Equipment & Materials,17.810333
499,TER,Semiconductor Equipment & Materials,6.5017586
494,UCTT,Semiconductor Equipment & Materials,1.4608704
524,AMAT,Semiconductor Equipment & Materials,6.0494137
598,LRCX,Semiconductor Equipment & Materials,6.5831423
504,MU,Semiconductors,3.6715853
469,LSCC,Semiconductors,16.95509
457,INTC,Semiconductors,2.8926737
521,SWKS,Semiconductors,6.3508334
402,HIMX,Semiconductors,2.7468674
382,NPTN,Semiconductors,1.5382591
538,AMD,Semiconductors,9.004679
292,TXN,Semiconductors,10.963592
501,TSM,Semiconductors,0.39666674
258,MXIM,Semiconductors,10.906874
257,MRVL,Semiconductors,11.800416
600,NVDA,Semiconductors,28.76857
230,ADI,Semiconductors,9.644824
18,AVGO,Semiconductors,7.4416294
26,XLNX,Semiconductors,10.619998
139,QCOM,Semiconductors,5.1012955
270,ON,Semiconductors,2.7988467
159,MCHP,Semiconductors,7.401313
729,UMC,Semiconductors,0.12464755
735,AG,Silver,10.8144655
480,PAAS,Silver,4.445419
153,ZEN,Software—Application,15.882952
29,WDAY,Software—Application,13.360219
458,SMAR,Software—Application,21.669725
40,PD,Software—Application,17.106272
436,CTXS,Software—Application,4.562806
48,LYFT,Software—Application,8.144977
65,PS,Software—Application,0
253,HUBS,Software—Application,31.651093
105,SSNC,Software—Application,3.894377
132,EB,Software—Application,17.012085
377,QTWO,Software—Application,14.525403
305,CLDR,Software—Application,5.205119
433,APPS,Software—Application,20.10771
313,CDNS,Software—Application,12.9617
527,ADSK,Software—Application,15.706013
603,RNG,Software—Application,22.184324
560,WORK,Software—Application,26.41633
564,DOCU,Software—Application,32.854435
571,UBER,Software—Application,8.331788
607,SHOP,Software—Application,52.988575
541,INTU,Software—Application,16.798737
512,STNE,Software—Application,6.660729
583,ANSS,Software—Application,16.604784
582,DDOG,Software—Application,52.761223
557,AVLR,Software—Application,24.375032
71,ZS,Software—Infrastructure,55.43779
61,CHKP,Software—Infrastructure,7.7010803
217,NLOK,Software—Infrastructure,6.306831
173,QLYS,Software—Infrastructure,11.440234
49,WEX,Software—Infrastructure,5.6974607
229,DBX,Software—Infrastructure,6.133712
289,FEYE,Software—Infrastructure,5.1048803
540,SNPS,Software—Infrastructure,10.601293
246,BB,Software—Infrastructure,8.217776
254,BOX,Software—Infrastructure,6.014407
592,ADBE,Software—Infrastructure,19.759687
58,NTNX,Software—Infrastructure,5.7749977
555,OKTA,Software—Infrastructure,43.420692
545,GDS,Software—Infrastructure,2.5080252
51,PFPT,Software—Infrastructure,9.136541
206,ORCL,Software—Infrastructure,5.453448
569,MSFT,Software—Infrastructure,12.214336
496,FTNT,Software—Infrastructure,13.993723
491,SPLK,Software—Infrastructure,9.486911
163,VRSN,Software—Infrastructure,19.694551
481,AKAM,Software—Infrastructure,5.7022614
506,SQ,Software—Infrastructure,11.365427
475,PLAN,Software—Infrastructure,17.701857
5,VMW,Software—Infrastructure,5.5021048
7,PANW,Software—Infrastructure,9.55562
108,GDDY,Software—Infrastructure,4.345572
593,CRWD,Software—Infrastructure,55.347485
19,FFIV,Software—Infrastructure,4.4652624
771,NET,Software—Infrastructure,73.26114
425,RUN,Solar,11.648613
73,FSLR,Solar,2.7435405
446,JKS,Solar,0.05340716
400,SPWR,Solar,3.885335
584,CTAS,Specialty Business Services,5.4025636
93,PPG,Specialty Chemicals,2.7800071
354,ESI,Specialty Chemicals,2.929611
251,ECL,Specialty Chemicals,5.0322495
320,LTHM,Specialty Chemicals,8.168318
46,CC,Specialty Chemicals,1.0661821
194,OLN,Specialty Chemicals,1.1078737
594,SHW,Specialty Chemicals,3.7791932
307,AXTA,Specialty Chemicals,1.8903261
409,PH,Specialty Industrial Machinery,2.6769109
615,MMM,Specialty Industrial Machinery,3.3697128
178,EMR,Specialty Industrial Machinery,3.296503
723,HWM,Specialty Industrial Machinery,2.9803438
644,HON,Specialty Industrial Machinery,4.523512
434,ROK,Specialty Industrial Machinery,5.001948
331,AME,Specialty Industrial Machinery,6.6255007
70,AOS,Specialty Industrial Machinery,3.5007331
725,ARNC,Specialty Industrial Machinery,0.6578146
516,ITW,Specialty Industrial Machinery,5.390717
407,GE,Specialty Industrial Machinery,1.4523485
4,ULTA,Specialty Retail,2.9458334
502,AZO,Specialty Retail,2.094165
375,ODP,Specialty Retail,0.24994221
193,ORLY,Specialty Retail,3.0652478
59,HOME,Specialty Retail,1.3855131
283,SFIX,Specialty Retail,3.4777868
427,BBY,Specialty Retail,0.5375149
690,KAR,Specialty Retail,1.0256742
209,SBH,Specialty Retail,0.602558
24,AAP,Specialty Retail,1.2484176
171,MIK,Specialty Retail,0
672,GME,Specialty Retail,2.9730887
526,REAL,Specialty Retail,5.9505734
199,PAYX,Staffing & Employment Services,9.324555
152,ADP,Staffing & Employment Services,5.604732
76,NUE,Steel,1.2927221
657,X,Steel,0.5746458
340,SID,Steel,0.3042782
679,CLF,Steel,1.1192921
213,STLD,Steel,1.1555027
383,GGB,Steel,0.18040377
535,TMUS,Telecom Services,2.6377385
456,T,Telecom Services,1.1829805
162,CHL,Telecom Services,0
424,ATUS,Telecom Services,1.5624951
731,CTL,Telecom Services,0
418,MBT,Telecom Services,0.016417988
689,VZ,Telecom Services,1.7838709
362,VG,Telecom Services,3.110576
575,ZM,Telecom Services,41.457664
298,KT,Telecom Services,0.00028624194
748,TSU,Telecom Services,0
726,VIV,Telecom Services,0.3507415
744,VGR,Tobacco,1.3046879
277,PM,Tobacco,5.3242717
90,MO,Tobacco,4.1452546
265,SWK,Tools & Accessories,2.017562
0,BKNG,Travel Services,16.29765
618,EXPE,Travel Services,4.6046915
55,NCLH,Travel Services,8.719452
32,TRIP,Travel Services,9.247279
629,CCL,Travel Services,40.372345
14,RCL,Travel Services,99.97507
637,TCOM,Travel Services,1.2102907
310,KNX,Trucking,1.5507237
497,BIP,Utilities—Diversified,1.749291
177,EXC,Utilities—Diversified,1.3170695
443,FE,Utilities—Diversified,1.9008856
661,PEG,Utilities—Diversified,3.1211305
525,SRE,Utilities—Diversified,3.6685472
421,D,Utilities—Diversified,4.255232
366,AES,Utilities—Diversified,1.6822035
360,CIG,Utilities—Diversified,0.18071689
164,NRG,Utilities—Independent Power Producers,0.9900002
656,VST,Utilities—Independent Power Producers,0.7132743
373,ENIA,Utilities—Regulated Electric,1.1925037
780,NEE,Utilities—Regulated Electric,8.400646
489,SO,Utilities—Regulated Electric,3.058862
467,AEP,Utilities—Regulated Electric,2.6633542
453,EIX,Utilities—Regulated Electric,1.5339806
741,DUK,Utilities—Regulated Electric,3.2670324
710,PPL,Utilities—Regulated Electric,2.792639
150,PAM,Utilities—Regulated Electric,0.014770822
204,ED,Utilities—Regulated Electric,2.0845034
160,PCG,Utilities—Regulated Electric,1.2153554
762,XEL,Utilities—Regulated Electric,2.924656
169,CNP,Utilities—Regulated Gas,1.8334979
399,SBS,Utilities—Regulated Water,0.2795467
543,BEP,Utilities—Renewable,2.7875245
468,CWEN,Utilities—Renewable,4.367365
752,WM,Waste Management,3.7087975
473,CY,unknown,0
6,STI,unknown,0
692,FTR,unknown,0
724,AABA,unknown,0
450,S,unknown,0
757,CRM,unknown,10.0588045
275,FCAU,unknown,0
518,RTN,unknown,0
92,CRZO,unknown,0
